{"count":14,"results":[{"id":2,"name":"Buffer Overflow","description":"This program reads your name and promptly gives you a goodbye answer, but it might do something else.","max_attempts":0,"value":50,"category":"pwn","type":"standard","state":"visible","requirements":null,"connection_info":null,"next_id":null},{"id":3,"name":"Salad","description":"I make the best Caeser salad, but you'll never find my secret ingredient: \"Ilaaly bzl h zayvunly lujyfwapvu tlaovk ulea aptl. Olyl'z aol zljyla punylkplua: Dvyjlzalyzopyl.\" \r\n\r\nSubmit flag as HBCTF{*secret_ingredient*}","max_attempts":0,"value":75,"category":"crypto","type":"standard","state":"visible","requirements":null,"connection_info":null,"next_id":null},{"id":7,"name":"ret2win","description":"Overwrite the variable with the address of the win() function to get the flag.","max_attempts":0,"value":200,"category":"pwn","type":"standard","state":"visible","requirements":null,"connection_info":null,"next_id":null},{"id":9,"name":"Peek a note","description":"What if you could see other users' notes?","max_attempts":0,"value":100,"category":"web","type":"standard","state":"visible","requirements":null,"connection_info":null,"next_id":null},{"id":10,"name":"want a cookie?","description":"If you explore the users page there is a way to get access to all the users. Use your best hacker knowledge and find a way to get there. If it's taking too long just take a break and eat a cookie.","max_attempts":0,"value":150,"category":"web","type":"standard","state":"visible","requirements":null,"connection_info":null,"next_id":null},{"id":11,"name":"what the ****?","description":"Main page literally looks brainfuck.","max_attempts":0,"value":75,"category":"misc","type":"standard","state":"visible","requirements":null,"connection_info":null,"next_id":null},{"id":12,"name":"SQL Shenanigans","description":"Sometimes developers fail to validate all user inputs. Try to login as admin to retrieve the admin's flag.","max_attempts":0,"value":250,"category":"web","type":"standard","state":"visible","requirements":null,"connection_info":null,"next_id":null},{"id":13,"name":"Developer tools","description":"The browser developer tools can sometimes be a hacker's best friend.","max_attempts":0,"value":75,"category":"web","type":"standard","state":"visible","requirements":null,"connection_info":null,"next_id":null},{"id":14,"name":"Steganography","description":"Can you find the message behind this?","max_attempts":0,"value":100,"category":"misc","type":"standard","state":"visible","requirements":null,"connection_info":null,"next_id":null},{"id":15,"name":"MFA dust","description":"Improper implementation of MFA technologies might end up in OTP leaks.","max_attempts":0,"value":200,"category":"web","type":"standard","state":"visible","requirements":null,"connection_info":null,"next_id":null},{"id":16,"name":"Buffer Overflow 2","description":"This time just overflowing the buffer is not enough. Look into the code what payload you should pass to the program.","max_attempts":0,"value":100,"category":"pwn","type":"standard","state":"visible","requirements":null,"connection_info":null,"next_id":null},{"id":17,"name":"Buffer Overflow 3","description":"Same as Buffer Overflow 2 but this time you need to consider endianness.","max_attempts":0,"value":150,"category":"pwn","type":"standard","state":"visible","requirements":null,"connection_info":null,"next_id":null},{"id":18,"name":"ROTate me","description":"The  challenge name really says it all.","max_attempts":0,"value":50,"category":"crypto","type":"standard","state":"hidden","requirements":null,"connection_info":null,"next_id":null},{"id":19,"name":"ROTate me","description":"The  challenge name really says it all.\r\n\r\nflag: UOPGS{r4fl_ebg_gu1eg33a_pu4y13at3}","max_attempts":0,"value":50,"category":"crypto","type":"standard","state":"visible","requirements":null,"connection_info":null,"next_id":null}],"meta":{}}