{"count":5,"results":[{"id":3,"type":"challenge","location":"920878f7efaf590d2f90a973e2bbdc2a/BoF.c","challenge_id":2,"page_id":null,"sha1sum":"1f702e7e4f87eae48a9c0a8ab37dccea1ffdf82b"},{"id":4,"type":"challenge","location":"1af4a1c499bfb694e5d2d7e491d29131/ret2win.c","challenge_id":7,"page_id":null,"sha1sum":"baa90bf19c6eed8a59b864ef76ceb7aa21ee9dd5"},{"id":5,"type":"challenge","location":"503ba9eeee1872e2f308f1fdb2827063/stegImage.png","challenge_id":14,"page_id":null,"sha1sum":"d25ccf9255c227050323d49cbca1c0cb7fc14785"},{"id":7,"type":"challenge","location":"a40d2a3b148e248d862befa52bfbeff2/BoF2.c","challenge_id":16,"page_id":null,"sha1sum":"467400a52ef297f41cb0aa67cd69e72216d3d5a7"},{"id":8,"type":"challenge","location":"1d131d15146f3a70549c70fde98485d9/BoF3.c","challenge_id":17,"page_id":null,"sha1sum":"eab15aae0ad63916f123257bc335d004e6d4b9e1"}],"meta":{}}