{"count":13,"results":[{"id":1,"challenge_id":2,"type":"static","content":"HBCTF{bUff3R_0v3rFl0w5_4r3_c00L}","data":""},{"id":2,"challenge_id":3,"type":"static","content":"HBCTF{Worcestershire}","data":""},{"id":3,"challenge_id":7,"type":"static","content":"HBCTF{m4n1pul4t1ng_th3_st4ck_1s_c007}","data":""},{"id":4,"challenge_id":9,"type":"static","content":"HBCTF{IDORs_are_more_common_than_you_think}","data":""},{"id":5,"challenge_id":10,"type":"static","content":"HBCTF{b3_c4r3fu7_w1th_c00k135}","data":""},{"id":6,"challenge_id":11,"type":"static","content":"HBCTF{esoteric_languages_are_cool}","data":""},{"id":7,"challenge_id":12,"type":"static","content":"HBCTF{ins3cur4_log1n_v4l1d4710n}","data":""},{"id":8,"challenge_id":13,"type":"static","content":"HBCTF{d3v3l0p3r_t00l5_4r3_c00l}","data":""},{"id":9,"challenge_id":14,"type":"static","content":"HBCTF{4_m3ss4g3_b3h1nd_4n_1m4g3}","data":""},{"id":10,"challenge_id":15,"type":"static","content":"HBCTF{1ns3cur3_OTP_v4l1d4710n}","data":""},{"id":11,"challenge_id":16,"type":"static","content":"HBCTF{buff3r_0v3rflooooooooow_1ng}","data":""},{"id":12,"challenge_id":17,"type":"static","content":"HBCTF{3nd14n355_m4tt3r5}","data":""},{"id":13,"challenge_id":19,"type":"static","content":"HBCTF{e4sy_rot_th1rt33n_ch4l13ng3}","data":""}],"meta":{}}