{"count":6,"results":[{"id":1,"type":"standard","challenge_id":16,"content":"ASCII table.","cost":0,"requirements":{"prerequisites":[]}},{"id":2,"type":"standard","challenge_id":7,"content":"ir0nstone.gitbook.io/notes/binexp/stack/ret2win","cost":0,"requirements":{"prerequisites":[]}},{"id":3,"type":"standard","challenge_id":2,"content":"The program does not safely handle very long names.","cost":5,"requirements":{"prerequisites":[]}},{"id":4,"type":"standard","challenge_id":10,"content":"Usually websites don't let you list users, and turns out you can't. However, if that's there, it's because someone can \ud83d\ude09","cost":5,"requirements":{"prerequisites":[]}},{"id":5,"type":"standard","challenge_id":10,"content":"If only you could set yourself as admin somehow \ud83c\udf6a","cost":10,"requirements":{"prerequisites":[]}},{"id":6,"type":"standard","challenge_id":11,"content":"Lookup for esoteric languages on google.","cost":5,"requirements":{"prerequisites":[]}}],"meta":{}}