{"count":2,"results":[{"id":1,"title":"Honey Badgers CTF","route":"index","content":"<div class=\"row\">\r\n    <div class=\"col-md-6 offset-md-3\">\r\n        <img class=\"w-100 mx-auto d-block\" style=\"max-width: 500px;padding: 50px;padding-top: 14vh;\" src=\"/themes/core-beta/static/img/logo.png?d=2c0dc4c2\" />\r\n        <h3 class=\"text-center\">\r\n            <p>A cool CTF platform from <a href=\"https://ctfd.io\">ctfd.io</a></p>\r\n            <p>Welcome to Honey Badgers CTF</p>\r\n        </h3>\r\n        <br>\r\n        <h4 class=\"text-center\">\r\n            <p>-[--->+<]>-.[---->+++++<]>-.+.++++++++++.+[---->+<]>+++.-[--->++<]>-.++++++++++.+[---->+<]>+++.[-->+++++++<]>.++.-------------.[--->+<]>---..+++++.-[---->+<]>++.+[->+++<]>.++++++++++++..---.[-->+<]>--------.++[--->++<]>.++++[->++<]>.-[->+++++<]>++.+++++++++++++.-------------.---[->+++<]>+.-[->+++<]>+.+[---->+<]>+++.--[->++++<]>+.----------.++++++.---.[-->+++++<]>+++.++[->+++<]>.++++++.-----------.++++++.+[->+++<]>++.[-->+<]>+++.++++[->++<]>.------.+.>-[--->+<]>-.[----->+<]>++.>--[-->+++++<]>.[->+++++<]>--.[--->+<]>----.----.+++++.+++[->+++<]>.+++++++++++++.---------.------.----.+++++++++++++.-----------.+++++++++++++.-------.--[--->+<]>--.[->+++<]>++.++++++.--.[--->+<]>----.++[->+++<]>.++.--[--->+<]>---.-------------.------.++++.++++++++++++..---.[----->+<]>+.</p>\r\n        </h4>\r\n    </div>\r\n</div>\r\n<!-- HBCTF{d3v3l0p3r_t00l5_4r3_c00l} -->","draft":0,"hidden":0,"auth_required":0,"format":"markdown","link_target":null},{"id":2,"title":"Rules","route":"rules","content":"<p>{{ ctf_name }}</p>\r\n<ul>\r\n  <li>All challenges have different flags.</li>\r\n  <li>There is no limit on failed flag submissions</li>\r\n  <li>Flags are case sensitive</li>\r\n  <li>Feel free to get a hint if you're stuck</li>\r\n  <li>Don't share flags</li>\r\n  <li></li>\r\n</ul>\r\n\r\n<p>All the flags formats are HBCTF{XXXXXXXX}.</p>\r\n","draft":0,"hidden":0,"auth_required":0,"format":"markdown","link_target":null}],"meta":{}}